{
	"name": "Cruddur Configuration",
	"workspaceFolder": "/workspaces/${localWorkspaceFolderBasename}",
	// Features to add to the dev container. More info: https://containers.dev/features.
	"features": {
		"ghcr.io/devcontainers/features/aws-cli:1": {}
	},
	"remoteEnv": {
		"AWS_CLI_AUTO_PROMPT": "on-partial"
	},	
	"customizations": {
		"vscode": {
			"extensions": [
				"ms-azuretools.vscode-docker",
				"ms-python.python",
				"vscodevim.vim"
			],
			"settings": {
				"terminal.integrated.fontSize": 20,
				"editor.fontSize": 20,
				"workbench.colorTheme": "Default Dark+ Experimental"
			}
		}
		


	}
	// Use 'forwardPorts' to make a list of ports inside the container available locally.
	// "forwardPorts": [],

	// Configure tool-specific properties.
	// "customizations": {},

	// Uncomment to connect as an existing user other than the container default. More info: https://aka.ms/dev-containers-non-root.
	// "remoteUser": "devcontainer"
}
